customer_id,customer_name,gender,birth_date,loyalty_status
1,Christopher Silva,Female,1997-03-02,Silver
2,John Gonzales,Female,1990-01-12,Gold
3,John Lopez,Female,1961-03-15,Bronze
4,Jenna Zhang,Male,1968-05-08,Bronze
5,Karen Hill,Female,2007-01-12,None
6,Jason Clarke,Other,1972-02-29,Gold
7,Jessica Stone,Female,1971-07-16,Bronze
8,Christopher Blake,Male,2003-11-06,Silver
9,Elijah Francis,Other,1967-06-09,Silver
10,Nicole Wright,Male,1970-09-30,Gold
11,Joseph Jordan,Female,1951-07-24,Gold
12,Heidi Meyer,Other,1975-09-18,None
13,Christy Foster,Male,1968-11-11,Silver
14,Miss Christine Morgan,Female,1977-12-20,Bronze
15,Eric Arnold,Other,1947-01-13,None
16,Johnny Cooper,Female,1953-02-26,Bronze
17,William Scott,Other,2004-09-04,Silver
18,Karen Smith,Male,1996-01-01,Silver
19,Beverly Williams,Other,2007-01-03,Gold
20,Elizabeth Wilson,Female,1996-04-12,Silver
21,Sarah Pugh,Female,1948-08-12,Bronze
22,Cynthia Lawson,Female,1945-04-09,None
23,Dorothy Turner,Male,1980-05-13,Silver
24,Christopher Macdonald,Other,1995-04-19,Silver
25,Ricardo Smith,Male,1968-07-24,Silver
26,Jason Bennett,Other,2007-01-08,Silver
27,Julie Smith,Other,1996-12-18,Bronze
28,Julia Moore,Male,1972-11-24,None
29,Jose Hurley,Male,1950-08-29,Bronze
30,Courtney Smith,Male,1975-10-14,Bronze
31,Juan Palmer,Female,1946-02-19,Gold
32,Christina Williams,Other,1978-02-21,Gold
33,Nicole Gilmore,Other,1957-04-21,Gold
34,James Smith,Female,1993-06-30,None
35,Bryan Wall,Other,1971-03-23,Silver
36,Eddie Leon,Female,1998-08-17,Gold
37,Jennifer Delgado,Other,1946-02-13,Bronze
38,Mary Morris,Male,2007-02-16,Silver
39,Martin Miles,Other,1982-10-21,None
40,Stephanie Bruce,Other,2001-11-11,None
41,Jennifer Zavala,Female,1963-09-04,Bronze
42,Brian Park,Other,1996-10-06,Bronze
43,Kellie Copeland,Male,2000-05-12,Silver
44,Danielle Rhodes,Other,2000-01-23,Silver
45,Johnathan Burke,Female,1981-03-19,Bronze
46,Mary Arias,Other,1973-11-07,Gold
47,Frank Sullivan,Other,1947-07-02,None
48,Jonathan Baldwin,Female,2005-01-18,Bronze
49,Michelle Gonzalez,Male,1962-03-12,Silver
50,Brittany Hall,Female,1978-11-22,Silver
51,Victor Brewer,Female,1992-03-06,None
52,Angela Zimmerman,Male,1993-02-23,Silver
53,Caleb Smith,Male,1979-02-05,Bronze
54,Phillip Torres,Other,1949-04-02,Gold
55,Joe Thompson,Other,1957-08-19,None
56,Matthew Donovan,Female,1953-05-16,Silver
57,Victoria Sherman,Female,2003-10-25,Silver
58,Levi Evans,Other,1949-07-06,Gold
59,Suzanne Simon,Female,1947-09-13,None
60,Meredith Crawford,Male,1986-07-18,Silver
61,Kim Harris,Male,2002-02-16,Silver
62,Nicole Lloyd,Male,1984-03-29,Gold
63,Katherine Dixon,Female,1962-09-01,Bronze
64,Douglas Hammond,Male,1951-08-16,Bronze
65,Kimberly Madden,Male,1955-05-04,Bronze
66,Jimmy Wagner,Male,1988-05-20,Bronze
67,Jason Marsh,Other,1987-08-08,Bronze
68,Selena Zamora,Other,1975-05-12,Gold
69,John Brewer DDS,Male,1977-02-27,Silver
70,Donna Davis,Other,1973-09-26,Bronze
71,Adam Jones,Other,2005-07-14,None
72,Nicholas Davis,Male,1988-09-24,Bronze
73,Alexander Brown,Other,1953-06-29,Gold
74,Alan Brown,Other,1988-12-06,Silver
75,Tanner Cooke,Female,1974-01-16,None
76,Ryan Williams,Other,2005-10-23,Bronze
77,Suzanne Garcia,Female,1962-05-22,Bronze
78,Angel Richards,Other,1961-11-07,None
79,Richard Solomon,Other,1978-02-26,Silver
80,Charles Mcbride,Female,1981-06-09,Gold
81,Edward Wade,Female,1999-07-11,Bronze
82,Angela Lee,Male,1991-02-20,Silver
83,Sharon Smith,Female,1981-09-03,Gold
84,Bobby Cole,Female,1970-05-24,None
85,Matthew Proctor,Other,2004-02-27,Silver
86,Donna Reeves,Other,1954-04-14,Bronze
87,Casey Thompson,Female,1981-02-09,None
88,Douglas Sanchez,Other,1975-02-05,Bronze
89,Courtney Pena,Male,1995-10-16,Gold
90,Paula Serrano,Other,1962-01-08,Bronze
91,Sylvia Robinson,Male,1973-03-08,Gold
92,Brittany Stokes,Male,1950-04-25,Silver
93,Christine Horton,Male,1980-11-04,Bronze
94,Melissa Thompson,Female,1969-02-14,Silver
95,Michael Matthews,Female,1986-04-17,None
96,Dr. Brad Anderson,Female,1986-09-04,Bronze
97,Christopher Rice,Male,1988-02-23,Bronze
98,Penny White,Male,2000-07-04,None
99,Matthew Turner,Other,1947-09-18,Gold
100,Mr. Mario Caldwell,Male,1966-06-06,None
101,Michael Ortiz,Other,1999-11-28,None
102,Patrick Garrett,Male,1984-06-20,Silver
103,Jenna Mckee,Other,1948-11-02,Bronze
104,Peter Elliott,Female,1970-03-16,Silver
105,Joshua Adams,Other,2007-10-30,Silver
106,Donald Adams,Female,2001-11-24,Bronze
107,Jesse Torres,Male,1991-08-15,None
108,Anthony Nixon,Male,1968-08-02,Gold
109,Melissa Morales,Male,1983-04-28,None
110,Carl Garcia,Male,1964-04-13,None
111,Rachel Palmer,Female,1947-10-28,Silver
112,Matthew Huang,Female,2005-10-23,Bronze
113,Tammy Shaw,Other,1960-07-03,None
114,Andrew Perez,Female,1952-02-04,Silver
115,Frances Perez,Other,1989-06-22,Silver
116,Tiffany Nguyen,Female,1988-10-04,Gold
117,James Marshall,Female,1948-05-09,Gold
118,Tracy Jones,Other,1979-10-24,None
119,Duane Hoover,Other,1978-02-07,None
120,Dr. William Hernandez,Other,1979-01-06,Gold
121,Mark Johnson DVM,Male,1948-03-07,None
122,Brandi Kelley,Other,2006-01-13,Gold
123,Stacey Mcclain,Male,1973-12-19,Bronze
124,Emma Schmitt MD,Male,1950-04-16,Gold
125,Allison Anderson,Other,2003-04-04,Silver
126,Caroline Peterson,Other,1947-11-25,Gold
127,John Johnson,Female,1977-09-02,None
128,Patricia Evans,Female,1992-04-14,None
129,Ashley Wilson,Other,1955-07-31,None
130,Michael Malone,Other,1987-02-06,Silver
131,Lisa Alexander,Female,1952-12-09,None
132,David Morris,Male,1952-01-18,Silver
133,Jessica Stokes,Other,1959-12-24,None
134,Lori Stanton,Other,1958-07-20,Bronze
135,Leslie Smith,Male,1973-11-02,Gold
136,William Mills,Female,1956-06-12,None
137,Veronica Marshall,Female,1975-10-06,Bronze
138,Jillian Ford,Other,1945-09-15,Gold
139,Cameron Powell,Female,1979-07-03,Bronze
140,Michael Roberts,Male,1992-11-07,Silver
141,Ashley Bush,Other,1970-11-27,None
142,Billy Harris,Male,1989-07-20,None
143,Jack Harris,Female,1962-05-26,Bronze
144,Aaron Torres,Male,1956-11-18,Bronze
145,Rhonda Tanner,Other,1946-11-15,None
146,George Arroyo,Female,1999-12-25,Bronze
147,Shannon Gomez,Other,1946-12-25,Gold
148,Rebecca Hogan,Other,1987-07-21,None
149,Gary Rodgers,Male,1990-08-08,Bronze
150,Desiree Greer,Other,1995-05-12,Bronze
151,Marcus Norman,Male,1974-12-08,Gold
152,Shawna Williams,Female,1948-06-02,Bronze
153,Dan Davis,Other,1993-03-13,Gold
154,Deborah Perez,Other,1959-07-18,None
155,Sara Brooks,Other,1998-10-18,Silver
156,Samantha Lopez,Other,1969-12-23,Bronze
157,Joshua Sweeney,Female,1999-07-23,Silver
158,Shannon Estes,Male,1985-04-29,Gold
159,Micheal Johnson,Other,2004-01-25,Bronze
160,Lorraine Tucker,Female,1950-03-04,Gold
161,Susan Fritz,Female,1947-07-05,Gold
162,Angel Lewis,Other,1978-02-08,Bronze
163,Christopher Hensley DDS,Other,1952-02-06,Gold
164,Thomas Dixon,Female,2000-11-06,None
165,Adam Avila,Other,2001-04-13,Bronze
166,Emily Diaz,Female,1969-12-01,Bronze
167,Nancy Jones,Other,1951-08-15,None
168,William Frederick,Male,1966-09-27,Gold
169,Krista Walker,Female,1999-03-31,Silver
170,Tammy Sullivan,Other,1977-01-10,Bronze
171,Melissa Estrada,Male,1947-02-04,Bronze
172,Kyle Reynolds,Female,1999-01-10,Silver
173,William Reynolds,Other,1951-06-13,Silver
174,Charles Rhodes,Other,1997-03-27,Gold
175,Joseph Alexander,Female,1973-03-31,None
176,Allison Wright,Male,2001-09-26,Gold
177,Frank Sullivan,Female,1956-02-03,Silver
178,Amanda Moore,Other,1960-02-21,Bronze
179,Richard Martin,Other,2005-07-07,Bronze
180,Jacob Parker,Other,1964-03-21,Silver
181,Jasmine Webb,Other,2003-10-23,Gold
182,James Carrillo,Female,1967-03-31,None
183,Janice Ortega,Female,2007-01-14,Silver
184,Derek Simon Jr.,Male,1980-07-12,Silver
185,Rebecca Wallace,Female,1994-02-03,Gold
186,Jessica Woods,Other,2004-05-26,Silver
187,Mrs. Jaime Johnson,Other,1997-11-02,Gold
188,David Harrison,Female,1991-05-03,Gold
189,Julia Anderson,Female,1957-06-23,Silver
190,Kyle Crawford,Other,1978-02-02,Bronze
191,Thomas Frank,Other,1981-06-26,None
192,Molly Kelly,Female,1989-09-08,None
193,Lori Rodriguez,Male,1947-05-29,Bronze
194,Shannon Brady,Other,1982-05-23,Silver
195,Victoria Williams,Other,1998-10-05,None
196,Blake Williams,Other,2000-08-14,Gold
197,Dawn Gray,Male,1959-06-07,Gold
198,Danielle Coleman,Male,2001-08-04,None
199,Molly Rice,Male,1983-04-17,Bronze
200,Angela Leonard,Other,1948-11-20,Gold
201,Francisco Flowers,Other,1986-05-15,Silver
202,Laura Reilly,Female,1997-08-16,Bronze
203,Taylor Young,Female,1955-11-23,Bronze
204,Timothy Alvarado,Female,1977-01-15,None
205,Christopher Mahoney,Male,1977-01-22,Gold
206,Kenneth Brown,Male,1970-04-12,Silver
207,Gary Bauer,Other,1957-03-17,Bronze
208,Stephanie Brown,Female,1985-01-01,Silver
209,Molly Jones,Female,2001-04-25,Silver
210,Julie Green,Other,1969-08-15,Bronze
211,Curtis Ramsey,Other,1945-06-01,None
212,Tracey Pugh,Female,1966-06-22,Gold
213,David Mitchell,Male,1968-04-06,Silver
214,Thomas Rose,Female,2004-03-17,Bronze
215,Paul Mullen,Male,1945-05-10,None
216,Angela Williams,Female,1973-11-18,Silver
217,Melissa Ramos,Male,1979-03-05,Silver
218,Elizabeth Palmer,Male,2000-05-14,Bronze
219,Mary Bond,Female,2007-10-24,Silver
220,Barry Sexton,Female,1984-10-02,Silver
221,Mr. Daniel Miranda,Male,1984-03-30,Bronze
222,David Harrison,Other,1944-12-05,Silver
223,Sue Khan,Other,1959-10-17,Bronze
224,Judith Hoffman,Female,1986-12-14,Gold
225,Brittany Murray,Female,1986-03-05,Bronze
226,April Burke,Other,1961-10-12,None
227,Jeffrey Patel,Female,1970-05-07,Bronze
228,Teresa Wolf,Other,1994-07-25,None
229,Rose Anderson,Other,1952-09-15,Bronze
230,Dana Mccoy,Other,1949-06-06,None
231,Jonathan Gordon,Other,2006-08-23,Gold
232,Veronica Nichols,Female,1949-06-13,Silver
233,Justin Russo,Other,1972-11-07,None
234,Kenneth Cruz,Male,1981-08-18,None
235,Edgar Harrison,Other,1994-12-11,Bronze
236,Jimmy Dominguez,Other,2004-06-13,Silver
237,Benjamin Bolton,Female,1970-10-18,Silver
238,Paul Austin,Other,1968-09-07,Bronze
239,Tracy Fernandez,Male,1994-01-15,Bronze
240,Kenneth Alvarado,Male,1970-01-13,Bronze
241,Jordan Cole,Male,1972-07-19,Silver
242,Jesse Johnson,Other,1969-12-06,Gold
243,Tiffany Woods,Female,2005-11-07,Silver
244,Julie Williams,Female,1958-05-16,Gold
245,Carlos Peterson,Male,1976-11-29,Bronze
246,Evan Mason,Other,1974-08-05,None
247,Joseph Simon Jr.,Male,1966-12-20,Bronze
248,Joshua Stevenson,Other,1963-12-20,Gold
249,Catherine Silva,Male,1966-01-07,Silver
250,Cheyenne Watson,Male,1984-09-21,Silver
251,Kent Stewart,Other,1976-11-11,None
252,Sarah Rowe,Male,1956-05-31,Bronze
253,Dennis Poole,Male,1946-07-29,Silver
254,Raymond Benjamin,Female,1972-09-28,None
255,Katelyn Blake,Male,1991-09-03,Gold
256,Jesse Olson,Male,1974-07-05,None
257,Anne Ewing,Male,2004-07-25,None
258,Patrick Brown,Male,2005-03-10,Silver
259,Kayla Hoffman,Male,1950-11-26,None
260,James Owens,Male,1947-11-13,Bronze
261,Emily Roy,Other,2007-11-24,Silver
262,Dr. Christine Lewis,Male,1979-07-11,Gold
263,Shane Petersen,Female,1974-06-06,None
264,Taylor Galloway,Female,1993-03-12,Gold
265,Amy James,Other,1958-02-22,Gold
266,Jason Lam,Male,1965-07-23,Gold
267,Scott Alexander,Other,1989-08-17,Bronze
268,David Kirk,Male,1990-12-03,Silver
269,Daniel Kim,Male,1986-05-19,Silver
270,Bobby Davis,Other,1950-01-04,Silver
271,Thomas Olsen,Male,1984-12-22,Silver
272,Brian Phillips,Male,1979-04-13,Bronze
273,Andre Thompson,Female,1988-09-12,None
274,Kimberly Adams,Male,1952-12-17,Silver
275,Mary Medina,Other,1952-01-29,Gold
276,Stephen Campbell,Other,1947-11-13,Bronze
277,Tyler Watson,Female,1949-07-17,Bronze
278,Alyssa Kelly,Male,1985-08-06,Silver
279,Trevor Brown,Female,2005-02-07,Bronze
280,Patricia Jones,Male,1962-09-15,Bronze
281,Kyle Reyes,Female,1989-05-20,None
282,Ashley Obrien MD,Male,1986-02-16,Silver
283,James Baker,Male,1960-05-19,Silver
284,Sheryl Webb,Other,1951-06-14,None
285,Courtney Jones,Other,1976-02-12,None
286,Patricia Turner,Male,1993-02-13,None
287,Karen Yoder,Other,1950-05-01,Silver
288,Terry Johnson,Other,1956-10-11,Gold
289,Mary Brown,Male,1948-11-28,Silver
290,Ashley Mason,Other,1993-09-13,None
291,Alexis Ortiz,Other,1965-12-16,None
292,Christopher Thompson,Other,1960-01-18,None
293,Patricia Williams,Female,1953-04-08,Gold
294,Timothy Oneal,Female,1954-08-05,Gold
295,Theresa Mcdaniel,Other,1951-11-14,Silver
296,Jeffrey White,Other,2007-06-09,Silver
297,Ryan Cross,Male,1995-06-23,Bronze
298,Isaac Bullock,Other,1973-10-06,Gold
299,Susan Harris,Male,1992-08-25,None
300,Lisa Stewart,Other,2006-01-10,Bronze
301,Ashley Williamson,Female,1997-03-22,Silver
302,Kristina George,Female,1992-01-22,Gold
303,Justin Solis,Other,1979-06-28,Silver
304,Willie Odom,Female,1954-09-11,Silver
305,Nicole Berry,Male,1987-01-15,Gold
306,Scott Alvarez,Male,1965-11-05,Gold
307,Patrick Miller,Female,2003-06-16,None
308,Roger Salas,Female,1974-05-08,None
309,Kayla Austin,Other,1958-04-17,Silver
310,Roy Morgan,Female,1974-12-26,Bronze
311,Heather Barajas,Female,1974-02-15,Bronze
312,Amy Perez,Other,1955-06-20,Bronze
313,George Lucas,Male,1976-05-03,Bronze
314,Tracey Miller,Male,1949-09-10,Silver
315,Stacey Garcia,Female,1978-06-11,Silver
316,Lee Byrd,Female,1955-09-25,Bronze
317,Mrs. Nancy Suarez,Male,1947-12-06,None
318,Eric Griffin,Female,1948-10-20,Bronze
319,Andrea Sanchez,Female,1957-10-12,Bronze
320,Scott Cook,Other,1975-06-14,Gold
321,Joel Rowe,Female,1996-08-16,Silver
322,Scott Sanford,Male,1958-06-07,None
323,Anne Roberts,Female,2003-05-05,None
324,Andrew Bell,Female,1959-12-03,Silver
325,Timothy Wallace,Male,1988-09-15,Gold
326,Miss Kristin Serrano,Male,1991-01-12,Bronze
327,Bradley Watts,Male,1972-01-31,Silver
328,Zachary Turner,Female,1956-01-27,Bronze
329,Jessica Coleman,Male,1984-05-31,Gold
330,Renee Weber,Male,1969-11-03,None
331,Cynthia Brooks,Other,1990-09-29,None
332,William Cruz,Male,1971-05-03,Bronze
333,Bradley Zavala,Other,1981-01-11,Silver
334,Randy Sanchez,Female,2002-02-05,None
335,Kari Gordon,Other,1983-08-13,Gold
336,Daniel Anderson,Female,1962-08-07,Bronze
337,Kelly Miller,Female,2006-01-19,Bronze
338,Harry Sims,Other,1972-08-30,None
339,Harold Mason,Female,1987-03-04,Silver
340,Theodore Sullivan,Male,1966-05-01,None
341,Mary Banks,Other,1975-05-05,Gold
342,Evelyn Davis,Other,1987-09-01,Bronze
343,Paul Silva,Female,2007-08-07,Bronze
344,David Thornton Jr.,Female,1965-05-26,None
345,Carmen Maxwell,Female,1990-01-23,Gold
346,Ashley Silva,Female,1973-05-11,None
347,Linda Davis,Male,1998-04-22,Gold
348,Joy Valentine,Male,1971-08-03,None
349,Angel Mcclain,Other,1960-06-13,Gold
350,Angel Holland,Other,1995-11-26,Gold
351,Robert Trujillo,Female,1964-12-06,Bronze
352,Dean Erickson,Female,1954-08-29,None
353,Joshua Parker,Other,1961-04-14,Bronze
354,Jennifer Andersen,Male,1969-09-24,Bronze
355,Kelly Harvey,Female,1989-09-05,Silver
356,Lisa Griffith,Female,1955-10-28,Silver
357,Alexandria Anderson,Other,1980-08-26,None
358,Christopher Perez,Female,1971-10-22,Silver
359,Shelby Newman,Other,1949-07-17,None
360,Hunter Carter,Male,1966-10-25,Gold
361,Jason Adams,Female,1957-02-14,None
362,Julie Flores,Male,1986-12-04,Bronze
363,Valerie Watkins,Female,1977-12-24,Silver
364,Thomas Morales,Male,1973-07-24,Gold
365,Michelle Lee,Female,1974-11-28,Bronze
366,Dr. Jennifer Romero DDS,Female,1995-01-12,None
367,Larry Powell,Other,1979-11-03,None
368,Douglas Keith,Other,1950-03-10,None
369,Tyler Lewis,Other,2007-06-03,Bronze
370,Andrew Johnson,Male,1965-12-21,None
371,Roger Ward,Other,2003-10-25,Silver
372,Pamela Cardenas,Female,1981-11-23,None
373,James Torres,Other,1981-08-23,Gold
374,Alexander Green,Other,1957-10-06,Bronze
375,William Cochran,Other,1976-12-18,Gold
376,Kenneth Holt,Female,1968-11-19,Bronze
377,Dawn Myers,Other,1962-01-29,Silver
378,Monica Ruiz,Female,1952-05-09,None
379,Kenneth Reynolds,Male,1984-07-23,Gold
380,Christopher Harris,Other,1991-09-01,Gold
381,Sharon Olson,Other,1996-06-17,Gold
382,Jason Armstrong,Male,1974-09-18,Silver
383,David Stevens,Female,1988-03-21,Silver
384,James Richard,Male,1967-06-10,None
385,Robert Graves,Female,1969-06-12,Silver
386,Sabrina Mills,Male,1949-02-20,None
387,Brenda Arnold,Male,1980-10-19,Silver
388,Laura Watson,Female,1986-09-12,Bronze
389,Aaron Bailey,Male,1950-09-05,Silver
390,James Hess,Other,1980-12-13,Bronze
391,Megan Flores,Female,1947-09-08,None
392,Brett Ortiz,Other,1981-09-27,Bronze
393,Patrick Cameron,Male,1945-07-13,Gold
394,Gina Clark,Male,1966-06-26,Bronze
395,Samantha Ray,Male,2001-10-23,Silver
396,Darius Harris,Male,1974-09-10,Gold
397,Andrew Crawford,Female,2000-11-09,Silver
398,Shelley Hall,Other,1988-02-20,None
399,Christopher Hill,Other,1983-07-12,None
400,Anthony Johnston,Male,1982-10-15,Gold
401,Lori Benton,Other,1978-03-12,Gold
402,Vanessa Mathis,Male,1982-07-24,Bronze
403,Erin Chen,Other,1995-05-21,Gold
404,Kylie Berry DDS,Other,1986-01-09,Bronze
405,Sean Spence,Other,2007-06-18,Silver
406,David Fletcher,Other,1973-09-26,Bronze
407,Jerry Navarro,Other,1986-10-16,Silver
408,Martin Morales,Female,1955-09-21,Gold
409,Lynn Cox,Male,2007-06-28,Silver
410,Louis Miller,Male,1962-01-17,Gold
411,Rhonda Smith,Male,1951-04-13,Bronze
412,Ricky Bautista,Female,1982-03-31,Silver
413,Erika Roberts DDS,Male,1975-06-30,Bronze
414,Juan Sanders,Female,1986-12-27,Gold
415,Andrew Smith,Other,1980-06-22,Gold
416,Patrick Sanders,Female,1990-09-17,Gold
417,Summer Baker,Male,1963-09-18,None
418,Nicholas Lawrence,Other,2006-12-31,Silver
419,Kelsey Huang,Other,2001-09-29,None
420,John Pearson,Female,1981-10-25,Gold
421,Karen Wilson,Female,1993-10-30,None
422,Jessica Ibarra,Male,1946-07-08,None
423,Victor Austin,Male,2000-03-15,Bronze
424,Lisa Jackson,Other,1979-12-24,Bronze
425,Christopher Mayer,Male,1983-05-15,Silver
426,Helen Li,Female,1963-08-01,Bronze
427,Joshua Ponce,Other,1978-04-29,None
428,Jason Bullock,Male,2002-07-31,Silver
429,Charles Rios,Other,1992-02-21,None
430,Dalton Vargas,Female,1954-06-29,Silver
431,Kyle Terry,Female,1945-06-20,Silver
432,Tyler Henderson,Male,1970-03-22,Bronze
433,Kimberly Perez,Male,1986-10-20,Gold
434,Jonathan Perry,Other,1998-08-21,None
435,Lisa Powers,Other,1987-12-21,Gold
436,Wayne Horne,Female,1959-05-23,Bronze
437,Amy Marsh,Female,1945-05-25,Gold
438,Sonya Burke,Other,1979-05-02,Gold
439,Thomas Browning,Female,2003-07-24,None
440,Patrick Dillon,Other,2004-12-16,Silver
441,Philip Mccarthy,Female,1976-02-17,Bronze
442,Justin Sanders,Other,1967-12-15,Gold
443,Joseph Greer,Male,1952-12-24,Silver
444,Thomas Garcia,Other,1969-02-18,None
445,John Perez,Other,1963-02-21,Gold
446,David Lawson,Other,1995-01-03,None
447,Matthew Watson,Male,1954-10-31,Silver
448,Jasmine Snyder,Female,1977-03-21,Silver
449,Judy Jones,Female,1944-12-04,Bronze
450,Michael Cummings,Female,1966-11-09,Gold
451,Vincent Collier,Other,1947-10-02,Bronze
452,Justin Johnson,Other,1984-11-05,Silver
453,James Hodge,Female,1958-03-29,Gold
454,Christine Patterson,Female,1964-02-17,None
455,Anita Martinez,Other,1960-12-11,None
456,Haley Mercado,Other,1985-11-25,None
457,Victoria Edwards,Other,1965-03-01,Silver
458,Ronald Mercer,Other,1991-09-06,None
459,Jennifer Black,Female,1986-03-23,Gold
460,Douglas Brown,Other,1995-12-30,Silver
461,Jeremy Snyder,Other,1976-05-18,Bronze
462,Nicholas Wells,Male,1968-11-05,None
463,Lori Strickland,Male,1994-11-19,Gold
464,Michele Sparks,Female,1995-08-28,None
465,Kaitlin Mckenzie,Female,1999-09-16,Silver
466,William Tyler,Male,1964-05-24,Bronze
467,Dr. Maurice Yoder,Female,1977-10-10,Bronze
468,Christopher Baker,Other,1971-05-20,Silver
469,Charlotte Allen,Male,1964-11-04,Gold
470,Anthony Morrison,Male,1975-01-18,Bronze
471,Lindsey Bennett,Female,1999-02-12,Silver
472,Robert Scott,Female,1960-05-01,Bronze
473,James Anderson,Male,1952-10-29,Gold
474,Stacy Griffin,Female,1978-01-19,Silver
475,Robert Davis,Female,1960-06-10,Bronze
476,Denise Garza,Female,1993-06-22,Bronze
477,Matthew Ibarra,Other,1953-06-06,Gold
478,Zachary Barton,Female,1959-04-04,Silver
479,Ryan Hudson,Male,1974-03-26,Gold
480,Melinda Marks PhD,Male,1956-10-02,Gold
481,Jodi Richards,Female,1973-09-30,Silver
482,Sean Savage,Female,1951-10-13,None
483,Edwin Smith,Female,1966-09-20,Silver
484,Eric Patrick,Male,2000-12-18,Gold
485,Teresa Montgomery,Male,1975-11-25,None
486,Larry Galloway,Other,1972-12-01,Bronze
487,Don Bishop,Male,1990-03-29,Silver
488,Daniel Morrow,Female,1991-12-25,Bronze
489,Madison Phillips,Other,1964-11-12,None
490,Erica Wade,Male,1983-04-15,Bronze
491,Craig Hendrix,Other,1976-10-19,None
492,Brandy Clark,Other,1985-12-25,Silver
493,Joan Davis,Other,2000-05-22,Gold
494,Darryl Barnett,Female,1994-09-12,Silver
495,Scott Lam,Female,1950-01-03,Silver
496,Patrick Gallegos,Male,1954-07-12,Silver
497,Christina Gilmore,Male,1960-03-24,Silver
498,Eric Brennan,Male,2002-07-05,Silver
499,Taylor Cochran,Male,1951-04-28,Bronze
500,Erica Chavez,Male,1946-08-11,Bronze
501,Jordan Jones,Male,2006-01-19,Silver
502,Pamela Gallagher,Male,2003-10-23,None
503,Steven Lewis,Other,1980-09-27,Bronze
504,Kiara Perez,Other,1995-06-06,Silver
505,Bryan Reyes,Female,1953-02-11,Gold
506,Christopher Wilson,Other,1990-12-16,Bronze
507,Donald Barrera,Other,1956-11-25,Silver
508,Sarah Russell,Female,1997-11-28,None
509,Amy Walker,Other,1961-04-27,Gold
510,Kylie Morrow,Other,1992-01-13,None
511,Cassandra Grant,Male,2005-12-06,Gold
512,Robert Bird,Male,1975-09-24,Gold
513,Marcus Meyer,Female,2005-10-03,Silver
514,Brittany Butler,Female,1962-11-08,Bronze
515,Stacy Cisneros,Female,1995-08-26,Bronze
516,Randy Kim,Female,2002-04-01,None
517,Steven Bowers,Female,1983-08-07,Bronze
518,Benjamin Hernandez,Male,1958-07-18,Silver
519,Jason Taylor,Male,1998-11-24,None
520,Daniel Adams,Other,1948-05-21,None
521,Jean Mclean,Other,1992-04-10,Silver
522,Donna Perkins,Other,1999-06-19,Silver
523,Carol Woods,Male,1970-03-20,Bronze
524,Joseph Anthony,Male,1971-11-11,None
525,Dakota Barnes,Male,1966-11-03,Bronze
526,Kenneth Harrell,Male,1968-06-25,Bronze
527,Krystal Gonzales,Female,1947-04-23,None
528,Tommy Baker,Female,2005-09-15,Gold
529,Christopher Rios,Male,1986-11-16,Gold
530,Jim Anderson,Other,1983-06-03,Gold
531,Erika Delacruz,Other,1962-08-27,Silver
532,Sydney Smith,Female,1955-05-07,None
533,Austin Tate,Female,1975-12-08,Bronze
534,Amy Gilmore,Female,1985-08-17,Bronze
535,Terri Dominguez DVM,Male,1957-03-03,Gold
536,Brian Combs,Other,1949-03-12,None
537,Mary Wilson,Female,1971-10-04,None
538,Maureen Miller,Male,1988-03-06,Bronze
539,Bradley Hays,Male,2004-04-01,Silver
540,Molly Romero,Female,1947-09-23,None
541,Reginald Hoffman,Other,1946-02-22,None
542,Charles Hall,Other,1947-09-17,Gold
543,Manuel Smith,Male,1988-01-06,Bronze
544,Rodney Gray,Male,1999-06-16,Bronze
545,Lisa Bryant,Male,1985-05-19,Gold
546,James Knight,Female,1974-12-02,None
547,Charles Holland,Other,1959-06-08,Silver
548,James Watson,Other,1954-07-30,Silver
549,Paula Terry,Male,2004-11-18,Bronze
550,Lauren Kelly,Female,1960-01-15,Bronze
551,Curtis Taylor,Male,1994-09-26,Silver
552,Teresa Knapp,Female,1965-11-09,None
553,Jeffrey Burnett,Female,1951-03-12,Bronze
554,Lisa Boyer,Other,1988-05-17,Gold
555,Shawn Thompson,Male,1989-06-16,Bronze
556,Austin Davidson,Other,1973-12-20,None
557,Erin Banks,Other,1995-01-16,None
558,Susan Lamb,Other,1952-11-12,Gold
559,Larry Hernandez,Other,1995-02-16,Silver
560,Ryan Villarreal,Other,1998-09-20,None
561,Jessica Lee,Female,2002-07-20,Silver
562,Jessica Roy,Female,2003-03-11,Silver
563,Matthew Yates,Other,1986-04-06,Gold
564,Brenda Smith,Male,1990-03-27,Bronze
565,Gabrielle Burton,Other,2002-04-14,Silver
566,Krystal Flores,Other,1956-01-13,Silver
567,Sean Smith,Other,1963-12-18,Silver
568,Lori Larsen,Female,1989-08-17,None
569,Corey Whitaker,Male,1980-12-11,Gold
570,Hannah Jones,Other,1959-05-27,None
571,Nathaniel Riggs,Female,1960-06-20,Gold
572,Brooke Glass,Other,1974-09-01,Bronze
573,Lance Cooper,Other,1984-05-14,Silver
574,Brittany Garrison,Male,1977-06-01,Bronze
575,Tina Larsen,Male,2004-01-01,None
576,Andrew Fleming,Other,1991-01-12,Silver
577,Virginia Nelson,Male,1974-06-02,Silver
578,Willie Smith,Female,1994-10-23,Bronze
579,Jason Hensley,Female,1972-02-28,Gold
580,Jamie Parrish,Female,1987-11-25,Silver
581,Dawn Brandt,Female,1996-03-16,None
582,Kathleen Dalton DDS,Other,1980-08-13,Bronze
583,Todd Nguyen,Male,1950-06-05,None
584,Jessica Faulkner,Other,1974-03-09,Silver
585,Pamela Moore,Male,1959-07-01,Bronze
586,Ian Baldwin,Female,1947-09-13,Bronze
587,Benjamin Medina,Female,1953-04-14,Silver
588,Steven Miller,Female,2000-04-29,Bronze
589,Anna Martinez,Male,2002-03-16,Bronze
590,Jaime Duke,Male,1993-02-03,Gold
591,Anita Wolf,Male,1974-12-06,Gold
592,William Hood,Male,2000-03-14,Gold
593,Kristin Adams,Female,2005-11-25,Bronze
594,Steven Wilson,Other,1992-07-24,None
595,Brandy Skinner,Male,1979-10-11,Silver
596,Joshua Taylor,Male,1965-04-25,Silver
597,Christy Harrison,Other,1998-09-15,Gold
598,Maria Carr,Other,2001-08-10,None
599,Angela Anderson,Male,1997-08-21,Bronze
600,Joseph Harris,Female,1981-07-18,Silver
601,Wendy Craig,Male,1972-01-05,Bronze
602,Scott Vargas,Male,1966-07-12,Silver
603,Andrea Harper,Other,2002-03-28,Bronze
604,Nancy Cantu,Male,1973-10-20,None
605,Denise Lopez,Female,1986-04-15,Silver
606,Connor Griffin,Male,1997-11-08,Silver
607,Joseph Mora,Female,1974-08-18,None
608,Courtney Lutz,Other,2003-09-16,Silver
609,Zachary Harris,Male,1975-09-20,Bronze
610,Sarah Garcia,Male,1997-12-11,Bronze
611,Jennifer Scott,Male,2001-03-24,Bronze
612,Mark Zhang,Other,1994-12-02,Bronze
613,Amber Solomon,Female,1958-11-13,Gold
614,Joann Ward,Other,1964-02-24,Bronze
615,Christopher Garcia,Male,1957-10-07,Gold
616,David Jones,Male,2000-10-11,None
617,Justin Harrison,Male,2001-03-02,Gold
618,Mr. Thomas Johnson MD,Male,1994-05-22,Silver
619,Haley White,Other,1981-10-27,None
620,Amy Miller,Female,1979-10-04,Bronze
621,Ashley Miller,Male,1952-11-08,Gold
622,Amy Sanders,Female,1972-12-25,Bronze
623,Melissa Faulkner,Female,1967-05-28,Gold
624,Christy Morris,Female,1972-08-04,Silver
625,Angel Serrano,Female,1968-10-19,Silver
626,Leslie Parker,Female,1958-01-05,Bronze
627,Steven Gomez,Male,1956-11-29,Bronze
628,Wendy Ross,Female,2004-02-10,Silver
629,Jeffery Huff,Female,1966-11-02,Bronze
630,Mary Gutierrez,Other,1953-02-13,Gold
631,Dana Young,Female,1996-03-28,Gold
632,Linda Bradford,Female,1971-06-21,None
633,April Ward,Female,1965-10-28,Silver
634,Kimberly Elliott,Male,1950-09-20,Bronze
635,Robert Brewer,Female,1956-08-22,None
636,Tom Benson,Female,1967-11-22,Silver
637,Kristine Chandler,Other,1949-03-24,Bronze
638,Cheryl Ortiz,Female,1970-10-24,None
639,Shelia Mcdowell,Male,2001-12-16,Silver
640,James Thompson,Male,1975-12-18,Gold
641,Stephanie Scott,Female,1998-04-23,Bronze
642,Elizabeth Olson,Other,1976-12-29,Bronze
643,William Dawson,Other,1992-07-09,Bronze
644,Parker Wells,Other,1981-08-09,Bronze
645,Kimberly Abbott,Other,1972-01-28,None
646,Randy Torres,Other,1946-12-26,Silver
647,Angel Young,Male,1972-11-06,None
648,Stephanie Prince,Other,1972-06-05,None
649,Jesse May,Other,1971-07-28,Bronze
650,Mark Cole,Male,1955-12-10,Silver
651,Richard Lee,Male,1949-01-21,Gold
652,Jennifer Baker,Other,1989-09-25,Gold
653,Shelby Cruz,Male,1969-06-27,Bronze
654,Amber Cain,Other,1952-01-11,Gold
655,Nicholas Flores,Other,1972-06-22,Gold
656,Jennifer Smith,Male,1967-06-05,Bronze
657,Jeffery Garza,Male,1991-11-03,Silver
658,Nathaniel Drake,Other,1972-11-01,Silver
659,Timothy Cisneros,Female,1952-12-28,Gold
660,Kathy Patel,Other,2001-05-08,None
661,Michael Benson,Female,1949-09-13,None
662,Meghan Ford DDS,Other,1955-09-13,None
663,Connie Weber,Other,1966-07-22,Gold
664,Natalie Maddox,Other,1972-11-20,None
665,Nathaniel Adams,Female,1980-06-09,Silver
666,Keith Richardson,Male,1969-10-10,None
667,Hannah Baird,Other,1972-12-04,Gold
668,Charles Hayes,Female,1998-06-17,Gold
669,Catherine Gregory,Male,2006-05-24,Silver
670,Marcus Contreras,Female,1994-07-05,Silver
671,Eric Butler,Other,1986-05-09,Silver
672,Samantha Ewing,Female,1977-08-21,Bronze
673,Jason Johnson,Other,1987-10-01,None
674,Sonya King,Female,1966-05-22,Silver
675,Kathy Williams,Female,2004-04-01,Bronze
676,Martha Erickson,Female,1999-09-14,Gold
677,Danielle Jackson,Female,1969-04-22,None
678,Steven Henderson,Female,1979-08-04,Bronze
679,Amy Harrison,Female,1969-12-12,Gold
680,Brandi Harris,Male,1993-07-14,None
681,Elizabeth Johnson,Other,1973-12-16,None
682,Bryan Herrera,Male,1969-09-12,Gold
683,Elizabeth Lane,Female,1949-09-15,None
684,Ryan Reed,Male,1946-06-04,Bronze
685,Angela Bernard,Other,1965-11-06,None
686,Elizabeth Dixon,Male,1952-12-30,Gold
687,Kimberly Gonzales,Female,1950-05-11,Gold
688,Sean Cochran,Male,1949-07-17,Silver
689,Lauren Lane,Male,1962-01-10,Silver
690,Mrs. Janet Santos,Female,1959-08-03,Bronze
691,Steve Fernandez,Female,2003-12-01,Silver
692,Philip Fisher,Female,1947-05-27,None
693,Ryan Ward,Female,1945-10-08,Bronze
694,Mathew Jackson,Male,1978-06-10,Silver
695,Adam Peters,Other,1958-01-03,None
696,Christina Haynes,Male,1953-05-12,Gold
697,Rachel Smith,Male,1993-07-20,Silver
698,Kelly Harmon,Female,1953-04-07,Silver
699,Marcus Rogers,Other,1984-08-02,Silver
700,April Nelson,Female,1971-11-09,Bronze
701,Stephanie Castillo,Female,1978-08-23,Bronze
702,Sean Brown,Male,2006-08-03,None
703,Charles Griffin,Other,1990-07-02,None
704,Sylvia Leonard,Other,1987-08-21,Gold
705,Cody Coleman,Female,2003-02-28,None
706,Tiffany Anderson,Male,1951-01-09,Bronze
707,Amber Miranda,Female,2007-01-09,Silver
708,Nicole Cooper,Female,1986-05-22,Silver
709,Pamela Ortiz,Male,1967-08-17,Gold
710,Desiree Hernandez,Female,2007-08-15,Silver
711,Carol Webb,Other,1945-05-28,Silver
712,Stephanie Moon,Male,1965-12-06,Bronze
713,Elizabeth Moore,Female,1949-09-06,None
714,Kevin King,Male,1974-04-15,None
715,Lisa Wilson,Other,2004-09-19,Gold
716,William Ruiz,Female,1970-08-17,Silver
717,Diane Huff,Female,1985-12-29,Bronze
718,Gabriella Adams,Male,1983-12-10,Bronze
719,George Robles,Male,2007-06-21,Bronze
720,Bryan Irwin,Other,1973-01-20,None
721,Cody Olsen,Female,1966-06-04,Silver
722,Scott Lopez,Male,1959-10-14,Gold
723,Nicholas Schmitt,Male,1976-10-29,Silver
724,Wendy Perkins,Other,1978-06-23,None
725,Andrew Hanson,Other,1947-06-29,Bronze
726,Mary Barrett,Female,1967-08-13,Silver
727,Charles Vazquez,Male,1953-06-15,Gold
728,Ms. Elizabeth Sheppard,Other,1950-03-13,Gold
729,Richard Mitchell,Other,1957-02-15,Bronze
730,Jacqueline Griffin,Female,1947-06-09,None
731,Damon Clarke,Male,1992-07-12,Silver
732,Chad Nichols,Female,1999-09-28,Silver
733,Travis Jones,Other,1948-08-18,Silver
734,Henry Davis,Female,1949-12-20,Gold
735,Kristin Wagner,Male,1986-04-18,None
736,Lisa Berger,Male,2005-11-16,None
737,Nathan Jones,Other,1977-02-22,Gold
738,Elizabeth Thomas,Male,1992-05-16,Silver
739,Amber Hughes,Male,1997-12-30,None
740,Lisa Goodwin,Male,1982-12-26,None
741,Nathan Woods III,Male,2001-09-15,None
742,Erin Harper,Other,1962-04-27,None
743,Rebecca Green,Female,1946-04-07,Gold
744,Timothy Alvarez,Female,1984-01-21,Gold
745,Kelli King,Other,1982-08-17,None
746,Miss Jenna Bright,Male,1962-07-24,Silver
747,Angela Harmon,Female,1947-02-15,Bronze
748,Michael Townsend,Male,1991-11-21,Silver
749,Dakota Long,Female,1973-01-11,Silver
750,Mr. Adam Long,Female,1981-05-15,Bronze
751,Yesenia Walton,Other,1957-10-31,Silver
752,Ruben Ali,Other,2007-10-14,None
753,Kristen Reyes,Male,1983-06-21,Bronze
754,Dr. Darren Arnold,Female,1994-09-25,Bronze
755,Anthony Molina,Other,1949-04-25,Gold
756,Heather Knapp,Male,2001-02-26,Silver
757,Michael Payne,Other,1950-11-24,Gold
758,Eric Scott,Other,1981-05-16,None
759,Carlos Reyes,Other,1979-03-14,Gold
760,Justin Kelley,Female,1962-07-20,Bronze
761,Ronnie Lee,Male,1992-07-16,None
762,Julia Lewis,Male,1956-06-22,Bronze
763,Dennis Jacobson,Female,1948-10-05,Gold
764,Desiree Garcia,Female,1982-07-21,Silver
765,Matthew Burton,Female,1975-05-06,Silver
766,Michael Hill,Female,2002-04-30,None
767,Mary Nguyen,Female,1970-12-11,Gold
768,Oscar Hayes,Other,1971-01-18,Bronze
769,Dylan Johnson,Male,1984-09-19,Gold
770,Heather Crane,Other,1954-01-28,Gold
771,Emma Frederick,Male,1991-09-04,Silver
772,Tracy Parker,Other,1980-04-23,Gold
773,Anthony Murray,Male,1980-08-06,Gold
774,Paige Myers,Other,1951-12-16,None
775,Tracey Martinez,Other,1974-03-23,Silver
776,Michelle Barajas,Female,1974-10-27,Gold
777,Ruben Graves,Female,1999-10-13,Silver
778,Suzanne Baird,Other,1965-02-07,Silver
779,Alisha Roman,Female,1971-01-05,Bronze
780,Mrs. Deborah Stanley,Other,2006-04-17,Gold
781,Jennifer York,Male,1949-09-16,Silver
782,Joshua Koch,Other,1959-06-12,Gold
783,Brittney Smith,Female,1973-06-25,Silver
784,Daniel Owens,Male,2005-04-02,Bronze
785,Michelle Alvarez,Male,2000-05-20,Silver
786,Ms. Jaclyn Cooke,Male,1952-07-11,Bronze
787,James Matthews,Female,1992-12-15,Silver
788,Evan Rojas,Male,1978-05-20,Silver
789,Danielle Paul,Female,1991-11-02,Silver
790,Taylor Merritt,Male,1998-02-16,Gold
791,Alyssa Jimenez,Other,1971-12-24,Gold
792,Ashley Ward,Other,1959-12-12,Silver
793,Paul Shea,Female,1983-12-03,Bronze
794,Sara Morales,Other,1983-09-05,Silver
795,Sarah Foster,Female,2001-02-23,Bronze
796,Renee Macdonald,Male,1949-08-05,Silver
797,Richard Rogers,Male,1981-08-13,Silver
798,Madison Williams,Female,1955-02-01,Silver
799,Brian Payne,Male,1973-02-06,Bronze
800,Johnny Lambert,Female,1974-03-18,Bronze
801,Crystal Graham,Female,1970-02-04,Silver
802,Manuel Wright,Female,1950-04-14,Bronze
803,Keith Dominguez,Female,1983-08-14,Silver
804,Roberta Gomez,Other,2005-01-14,Bronze
805,Christopher Vargas,Male,1983-02-15,Gold
806,Lynn Gonzalez,Female,2003-12-30,Silver
807,Shirley French,Other,1952-05-16,Bronze
808,Lindsey Snyder,Female,1985-12-07,Silver
809,Ebony Mclean,Male,1997-03-04,Silver
810,Robert Stout,Female,1960-04-14,None
811,Mary White,Male,1964-12-20,Bronze
812,Michael Perez,Male,1962-12-17,None
813,Emily Kelly,Female,1961-09-22,Gold
814,Danielle Leon,Male,1967-02-11,Silver
815,April Roach,Female,2001-06-06,Bronze
816,Miguel Christian MD,Male,1962-04-25,Silver
817,Christine Schmidt,Other,1996-08-11,Bronze
818,Ann Hansen,Female,2006-12-10,Gold
819,Derek King,Other,1978-10-01,Silver
820,Dennis Martinez,Male,1971-06-03,None
821,Leonard Martinez,Other,1979-09-29,None
822,Laura Harris,Male,1997-01-26,None
823,Philip Poole,Female,2006-02-04,Gold
824,April Marshall,Male,1973-07-27,None
825,Erin Case,Female,1979-08-05,None
826,Danielle Wells,Female,1961-09-04,Bronze
827,Jennifer English,Other,1946-01-12,Gold
828,Paul White,Other,2003-03-13,None
829,Karen Torres,Female,1986-04-13,Silver
830,Adam Jackson,Male,2000-06-05,None
831,Erin Martinez,Male,1972-12-14,Bronze
832,Ricardo Ellis,Female,1947-07-07,None
833,Carmen Braun,Male,1986-01-11,None
834,Susan Chambers,Other,1999-12-06,Gold
835,Christopher Green,Female,1983-09-29,Bronze
836,Diana Baldwin,Female,1955-05-25,Bronze
837,Paul Rodriguez,Female,1949-10-18,None
838,Danielle Ortiz,Female,1993-12-05,Bronze
839,Ryan Allen,Male,1975-08-01,Silver
840,Christopher Weber,Male,2002-10-30,Gold
841,Jennifer Turner,Female,2001-04-14,Silver
842,Michael Newman,Other,1965-07-05,None
843,Anita Cooper,Other,1988-09-08,Silver
844,Emily Cole,Other,2007-09-29,None
845,Brittany Harris,Female,1947-10-30,None
846,Ronald Gonzalez,Female,1980-07-09,Bronze
847,Todd Pearson,Other,1972-01-01,Bronze
848,Alicia Gould,Other,1966-11-15,None
849,Joshua Oneill,Other,2007-02-09,Silver
850,Timothy Peck,Female,2005-10-16,Bronze
851,Shawn Chavez,Male,1975-12-31,None
852,Eric Morris,Female,1967-07-18,Gold
853,David Murray,Other,2004-05-18,Silver
854,Christine Snyder,Other,1998-06-22,Silver
855,Mitchell Miller,Male,1974-01-05,Silver
856,Theresa Higgins,Male,1950-09-18,Gold
857,Stephanie Johnson,Male,2003-07-27,Silver
858,Nicholas Spencer,Female,1952-01-27,Gold
859,Emily Lopez,Other,1960-12-18,Gold
860,Stephanie Wilson,Male,1963-08-01,None
861,Shelly Hughes,Other,1998-07-03,None
862,Jack Alvarez,Male,1968-12-22,Bronze
863,Joshua Patterson,Male,1976-01-10,Bronze
864,Tammy Dominguez,Other,2007-08-09,Bronze
865,Becky Jones,Other,1997-01-01,Bronze
866,Carolyn Mathis,Male,1972-06-28,Gold
867,Amanda Gray,Male,1996-11-11,Gold
868,Anne Barnett,Female,1998-11-14,Silver
869,Jeremy Rivera,Female,1975-01-14,Silver
870,Robert Sullivan,Male,2005-06-04,Silver
871,Gary Moore,Female,1965-03-27,Gold
872,Brandy Carroll,Male,1975-02-23,Bronze
873,Jenna Smith,Female,2000-04-17,Gold
874,Parker Hood,Female,1972-10-01,Bronze
875,Morgan Harrell,Male,1959-03-02,Bronze
876,Justin Moss,Female,1975-03-18,None
877,Blake Torres,Female,2004-03-30,None
878,Kristin Thomas,Other,1956-07-15,Silver
879,Steven Arroyo,Other,1947-09-16,Silver
880,Jessica Rogers,Other,1960-01-14,None
881,Sara Collins,Other,1990-08-20,Gold
882,David White,Other,1989-06-24,Silver
883,Jacqueline Shaffer,Male,1995-01-04,Gold
884,Matthew Bryant,Female,1978-10-21,None
885,Tricia Miller,Male,1970-04-05,Bronze
886,Gina Parker,Female,1981-12-14,None
887,Amy Jackson,Female,1987-09-07,Bronze
888,Stacy Martinez,Female,1999-04-10,Silver
889,Jesse Smith,Female,1960-05-07,Bronze
890,Christine George,Male,1951-12-16,None
891,Joshua Dillon,Male,1958-10-18,Gold
892,Emily Williams,Female,1977-07-11,Silver
893,Robert Thompson,Male,1975-07-15,Silver
894,Tamara Hurst,Male,1967-01-05,Bronze
895,Samuel Harris,Male,1993-09-16,None
896,Mark Underwood,Female,1986-06-27,None
897,John Humphrey,Male,1992-06-24,Silver
898,Noah Webb,Other,1981-07-16,Gold
899,Derek Summers,Female,1987-10-14,Bronze
900,Andrew Hill,Other,1971-12-03,Gold
901,Michael Hall,Other,1954-10-07,None
902,Michael Crawford,Other,1979-05-15,Bronze
903,Anthony Hart,Other,2006-12-23,Gold
904,Valerie Mayo MD,Male,1951-08-08,None
905,Melissa Hayes,Other,1990-07-29,None
906,Joe Chavez,Other,1993-11-29,Bronze
907,Terry Willis,Male,1956-07-03,None
908,Rebecca Gonzales,Male,1977-04-16,Bronze
909,Marcus Travis,Female,1955-07-06,None
910,Shirley Thomas,Other,1974-06-26,None
911,Douglas Lewis,Female,1993-04-23,None
912,Donna Walls,Other,1999-04-19,Gold
913,Manuel Johnson,Female,1977-07-13,Gold
914,James Hopkins,Female,1969-08-01,Silver
915,William Rojas,Female,1952-06-30,Gold
916,Juan Wilson,Male,1958-09-01,Bronze
917,Andrea Harrison,Other,1973-05-07,None
918,Juan Wall,Male,1988-05-28,None
919,Howard Brady,Male,2006-04-21,Bronze
920,Brian Adams,Female,1972-05-08,Silver
921,Mrs. Kristi Stanley,Female,1967-07-04,Gold
922,Benjamin Smith,Male,1994-03-02,Bronze
923,Ashley Davis,Female,1950-07-14,Bronze
924,Timothy Graham,Other,1958-10-17,Bronze
925,Michael Jones,Female,1995-02-17,Bronze
926,Matthew Lam,Female,1991-08-12,None
927,Sue Cruz,Other,2002-03-19,Gold
928,Jason Roberts,Female,1950-02-07,Silver
929,Brandy Johnson,Other,2005-07-17,Silver
930,Dr. Christopher Jackson Jr.,Female,2002-06-21,Gold
931,Sarah Williams,Female,1953-09-04,None
932,Christina Howard,Other,1967-05-05,None
933,Ethan Strong,Male,1973-02-28,Silver
934,Mr. Joseph Benson,Female,1959-06-10,Gold
935,Sheila Ayala,Female,1988-02-08,None
936,Dean Anderson,Female,1999-06-29,Gold
937,Amy Lewis,Male,1974-07-02,Silver
938,Theresa Green,Male,1997-08-24,Silver
939,Daniel Walker,Male,1998-11-28,Gold
940,Kimberly Davis,Female,1998-06-03,Silver
941,Jordan Caldwell,Female,1979-06-19,Silver
942,Leslie Smith,Male,1953-11-10,Gold
943,Melinda Knight,Male,1949-12-14,Bronze
944,Joy Waters,Other,1983-06-05,Silver
945,Lauren Reid,Other,1975-08-19,Bronze
946,Samuel Williams,Other,2004-03-04,Gold
947,Patrick Francis,Male,1964-03-11,Gold
948,Lance Jones,Male,1977-11-17,Bronze
949,Monica Garcia,Male,1984-10-09,None
950,Christopher Jackson,Other,1959-11-15,Gold
951,Joshua Martinez,Female,1961-07-13,None
952,Tracy Torres,Male,1963-05-10,Bronze
953,Charlene Wilson,Male,1992-11-23,Silver
954,Judith Anderson,Female,1953-02-15,Bronze
955,Bryan Lambert,Other,2005-11-22,Silver
956,Kristin Fernandez,Other,1961-03-09,Bronze
957,Traci Alexander,Male,1989-10-21,Gold
958,Brian Young,Female,1973-08-24,Silver
959,Michael Hart,Other,1965-01-29,Silver
960,Lisa Richardson,Female,1963-02-19,Gold
961,Kathy Cohen,Male,1997-08-30,Gold
962,Abigail Stanley,Other,1959-05-19,Bronze
963,Javier Richards,Female,1993-02-10,Gold
964,Holly Wilson,Other,1960-09-16,Gold
965,Sarah Miller,Female,1987-05-15,Bronze
966,Connie Solis,Female,1969-09-25,None
967,Crystal Taylor,Other,1960-06-01,Bronze
968,Alex Price,Male,2000-02-29,Gold
969,Nathaniel Lowe,Other,1965-04-12,None
970,Mr. James Smith,Female,1954-07-08,Gold
971,Vickie Parker,Other,1997-01-29,Silver
972,Jacob Smith,Female,1948-12-20,None
973,Tonya Davis,Female,1959-03-01,Bronze
974,Eric Stone,Female,1952-06-07,None
975,Stacey Mcmillan,Male,1980-07-04,Silver
976,Michele Lopez,Other,1945-12-29,Silver
977,Nicole Navarro,Female,1946-05-26,None
978,Nancy Johnson,Female,1955-03-08,Gold
979,Jeffrey Douglas,Female,1947-06-24,Bronze
980,Shane Clarke,Male,1957-08-21,Silver
981,Tonya Smith,Male,1965-05-02,Bronze
982,Rebecca Edwards,Female,1996-03-18,Bronze
983,Shane Guerrero,Other,2007-10-10,Bronze
984,Mark Matthews,Female,1986-06-06,Bronze
985,Christopher Dixon,Male,1955-06-14,None
986,Ryan Gonzalez,Other,1957-02-16,Gold
987,Diane Mcmahon,Male,1949-04-24,Bronze
988,Jennifer Fisher,Female,1952-09-05,Gold
989,Mathew Cooper,Female,1952-09-07,None
990,Arthur Johnson,Other,1962-11-03,Gold
991,Shirley Brown,Female,2000-01-30,Silver
992,Meredith Smith,Female,1995-12-12,None
993,David Jones,Male,1984-07-29,Gold
994,Richard Little,Male,2004-08-23,None
995,Diana Barker,Other,1976-02-14,Bronze
996,Katherine Gordon,Male,1947-11-05,Bronze
997,Deborah Martinez,Female,1968-02-15,None
998,Whitney Sanchez,Female,1946-04-05,Silver
999,Susan Walker,Female,2000-06-07,None
1000,Shane Williams,Female,1999-09-25,Gold
